<?xml version="1.0" encoding="UTF-8"?>
<GenRun Id="synth_1" LaunchPart="xc7a100tcsg324-1" LaunchTime="1682387109">
  <File Type="PA-TCL" Name="guessing_game_singleplayer.tcl"/>
  <File Type="RDS-PROPCONSTRS" Name="guessing_game_singleplayer_drc_synth.rpt"/>
  <File Type="REPORTS-TCL" Name="guessing_game_singleplayer_reports.tcl"/>
  <File Type="RDS-RDS" Name="guessing_game_singleplayer.vds"/>
  <File Type="RDS-UTIL" Name="guessing_game_singleplayer_utilization_synth.rpt"/>
  <File Type="RDS-UTIL-PB" Name="guessing_game_singleplayer_utilization_synth.pb"/>
  <File Type="RDS-DCP" Name="guessing_game_singleplayer.dcp"/>
  <File Type="VDS-TIMINGSUMMARY" Name="guessing_game_singleplayer_timing_summary_synth.rpt"/>
  <File Type="VDS-TIMING-PB" Name="guessing_game_singleplayer_timing_summary_synth.pb"/>
  <FileSet Name="sources" Type="DesignSrcs" RelSrcDir="$PSRCDIR/sources_1">
    <Filter Type="Srcs"/>
    <File Path="$PSRCDIR/sources_1/new/SevenSegmentLED.v">
      <FileInfo>
        <Attr Name="ImportPath" Val="D:/Boston Uni/Classes/Spring 2023/EC311 Project/Project/Project.srcs/sources_1/new/SevenSegmentLED.v"/>
        <Attr Name="ImportTime" Val="1682344544"/>
        <Attr Name="UsedIn" Val="synthesis"/>
        <Attr Name="UsedIn" Val="implementation"/>
        <Attr Name="UsedIn" Val="simulation"/>
      </FileInfo>
    </File>
    <File Path="$PSRCDIR/sources_1/new/bin_to_hex.v">
      <FileInfo>
        <Attr Name="ImportPath" Val="D:/Boston Uni/Classes/Spring 2023/EC311 Project/Project/Project.srcs/sources_1/new/bin_to_hex.v"/>
        <Attr Name="ImportTime" Val="1682346630"/>
        <Attr Name="UsedIn" Val="synthesis"/>
        <Attr Name="UsedIn" Val="implementation"/>
        <Attr Name="UsedIn" Val="simulation"/>
      </FileInfo>
    </File>
    <File Path="$PSRCDIR/sources_1/new/bin_to_sevenseg.v">
      <FileInfo>
        <Attr Name="ImportPath" Val="D:/Boston Uni/Classes/Spring 2023/EC311 Project/Project/Project.srcs/sources_1/new/bin_to_sevenseg.v"/>
        <Attr Name="ImportTime" Val="1682344254"/>
        <Attr Name="UsedIn" Val="synthesis"/>
        <Attr Name="UsedIn" Val="implementation"/>
        <Attr Name="UsedIn" Val="simulation"/>
      </FileInfo>
    </File>
    <File Path="$PSRCDIR/sources_1/new/check_guess.v">
      <FileInfo>
        <Attr Name="ImportPath" Val="D:/Boston Uni/Classes/Spring 2023/EC311 Project/Project/Project.srcs/sources_1/new/check_guess.v"/>
        <Attr Name="ImportTime" Val="1682347744"/>
        <Attr Name="UsedIn" Val="synthesis"/>
        <Attr Name="UsedIn" Val="implementation"/>
        <Attr Name="UsedIn" Val="simulation"/>
      </FileInfo>
    </File>
    <File Path="$PSRCDIR/sources_1/new/debouncer.v">
      <FileInfo>
        <Attr Name="ImportPath" Val="D:/Boston Uni/Classes/Spring 2023/EC311 Project/Project/Project.srcs/sources_1/new/debouncer.v"/>
        <Attr Name="ImportTime" Val="1682344370"/>
        <Attr Name="UsedIn" Val="synthesis"/>
        <Attr Name="UsedIn" Val="implementation"/>
        <Attr Name="UsedIn" Val="simulation"/>
      </FileInfo>
    </File>
    <File Path="$PSRCDIR/sources_1/new/random_num_gen.v">
      <FileInfo>
        <Attr Name="UsedIn" Val="synthesis"/>
        <Attr Name="UsedIn" Val="implementation"/>
        <Attr Name="UsedIn" Val="simulation"/>
      </FileInfo>
    </File>
    <File Path="$PSRCDIR/sources_1/new/read_input.v">
      <FileInfo>
        <Attr Name="ImportPath" Val="D:/Boston Uni/Classes/Spring 2023/EC311 Project/Project/Project.srcs/sources_1/new/read_input.v"/>
        <Attr Name="ImportTime" Val="1682347062"/>
        <Attr Name="UsedIn" Val="synthesis"/>
        <Attr Name="UsedIn" Val="implementation"/>
        <Attr Name="UsedIn" Val="simulation"/>
      </FileInfo>
    </File>
    <File Path="$PSRCDIR/sources_1/new/guessing_game_singleplayer.v">
      <FileInfo>
        <Attr Name="UsedIn" Val="synthesis"/>
        <Attr Name="UsedIn" Val="implementation"/>
        <Attr Name="UsedIn" Val="simulation"/>
      </FileInfo>
    </File>
    <File Path="$PSRCDIR/sources_1/new/SevenLEDDemo.v">
      <FileInfo>
        <Attr Name="AutoDisabled" Val="1"/>
        <Attr Name="UsedIn" Val="synthesis"/>
        <Attr Name="UsedIn" Val="implementation"/>
        <Attr Name="UsedIn" Val="simulation"/>
      </FileInfo>
    </File>
    <File Path="$PSRCDIR/sources_1/new/guessing_game2.v">
      <FileInfo>
        <Attr Name="AutoDisabled" Val="1"/>
        <Attr Name="ImportPath" Val="D:/Boston Uni/Classes/Spring 2023/EC311 Project/Project/Project.srcs/sources_1/new/guessing_game2.v"/>
        <Attr Name="ImportTime" Val="1682352204"/>
        <Attr Name="UsedIn" Val="synthesis"/>
        <Attr Name="UsedIn" Val="implementation"/>
        <Attr Name="UsedIn" Val="simulation"/>
      </FileInfo>
    </File>
    <File Path="$PSRCDIR/sources_1/new/guessing_game.v">
      <FileInfo>
        <Attr Name="AutoDisabled" Val="1"/>
        <Attr Name="ImportPath" Val="D:/Boston Uni/Classes/Spring 2023/EC311 Project/Project/Project.srcs/sources_1/new/guessing_game.v"/>
        <Attr Name="ImportTime" Val="1682349482"/>
        <Attr Name="UsedIn" Val="synthesis"/>
        <Attr Name="UsedIn" Val="implementation"/>
        <Attr Name="UsedIn" Val="simulation"/>
      </FileInfo>
    </File>
    <File Path="$PSRCDIR/sources_1/new/guess_checker.v">
      <FileInfo>
        <Attr Name="AutoDisabled" Val="1"/>
        <Attr Name="ImportPath" Val="D:/Boston Uni/Classes/Spring 2023/EC311 Project/Project/Project.srcs/sources_1/new/guess_checker.v"/>
        <Attr Name="ImportTime" Val="1682274792"/>
        <Attr Name="UsedIn" Val="synthesis"/>
        <Attr Name="UsedIn" Val="implementation"/>
        <Attr Name="UsedIn" Val="simulation"/>
      </FileInfo>
    </File>
    <File Path="$PSRCDIR/sources_1/new/hex_digit_selector.v">
      <FileInfo>
        <Attr Name="AutoDisabled" Val="1"/>
        <Attr Name="ImportPath" Val="D:/Boston Uni/Classes/Spring 2023/EC311 Project/Project/Project.srcs/sources_1/new/hex_digit_selector.v"/>
        <Attr Name="ImportTime" Val="1682274366"/>
        <Attr Name="UsedIn" Val="synthesis"/>
        <Attr Name="UsedIn" Val="implementation"/>
        <Attr Name="UsedIn" Val="simulation"/>
      </FileInfo>
    </File>
    <File Path="$PSRCDIR/sources_1/new/top.v">
      <FileInfo>
        <Attr Name="AutoDisabled" Val="1"/>
        <Attr Name="ImportPath" Val="D:/Boston Uni/Classes/Spring 2023/EC311 Project/Project/Project.srcs/sources_1/new/top.v"/>
        <Attr Name="ImportTime" Val="1682274924"/>
        <Attr Name="UsedIn" Val="synthesis"/>
        <Attr Name="UsedIn" Val="implementation"/>
        <Attr Name="UsedIn" Val="simulation"/>
      </FileInfo>
    </File>
    <File Path="$PSRCDIR/sources_1/new/clk_divider.v">
      <FileInfo>
        <Attr Name="AutoDisabled" Val="1"/>
        <Attr Name="ImportPath" Val="D:/Boston Uni/Classes/Spring 2023/EC311 Project/Project/Project.srcs/sources_1/new/clk_divider.v"/>
        <Attr Name="ImportTime" Val="1682344360"/>
        <Attr Name="UsedIn" Val="synthesis"/>
        <Attr Name="UsedIn" Val="implementation"/>
        <Attr Name="UsedIn" Val="simulation"/>
      </FileInfo>
    </File>
    <Config>
      <Option Name="DesignMode" Val="RTL"/>
      <Option Name="TopModule" Val="guessing_game_singleplayer"/>
    </Config>
  </FileSet>
  <FileSet Name="constrs_in" Type="Constrs" RelSrcDir="$PSRCDIR/constrs_1">
    <Filter Type="Constrs"/>
    <File Path="$PSRCDIR/constrs_1/new/Master.xdc">
      <FileInfo>
        <Attr Name="UsedIn" Val="synthesis"/>
        <Attr Name="UsedIn" Val="implementation"/>
      </FileInfo>
    </File>
    <Config>
      <Option Name="TargetConstrsFile" Val="$PSRCDIR/constrs_1/new/Master.xdc"/>
      <Option Name="ConstrsType" Val="XDC"/>
    </Config>
  </FileSet>
  <FileSet Name="utils" Type="Utils" RelSrcDir="$PSRCDIR/utils_1">
    <Filter Type="Utils"/>
    <Config>
      <Option Name="TopAutoSet" Val="TRUE"/>
    </Config>
  </FileSet>
  <Strategy Version="1" Minor="2">
    <StratHandle Name="Vivado Synthesis Defaults" Flow="Vivado Synthesis 2019"/>
    <Step Id="synth_design"/>
  </Strategy>
</GenRun>
