<?xml version="1.0" encoding="UTF-8"?>
<GenRun Id="impl_1" LaunchPart="xc7a100tcsg324-1" LaunchTime="1682387109">
  <File Type="BITSTR-BMM" Name="guessing_game_singleplayer_bd.bmm"/>
  <File Type="OPT-METHODOLOGY-DRC" Name="guessing_game_singleplayer_methodology_drc_opted.rpt"/>
  <File Type="INIT-TIMING" Name="guessing_game_singleplayer_timing_summary_init.rpt"/>
  <File Type="ROUTE-PWR" Name="guessing_game_singleplayer_power_routed.rpt"/>
  <File Type="PA-TCL" Name="guessing_game_singleplayer.tcl"/>
  <File Type="OPT-TIMING" Name="guessing_game_singleplayer_timing_summary_opted.rpt"/>
  <File Type="OPT-DCP" Name="guessing_game_singleplayer_opt.dcp"/>
  <File Type="ROUTE-PWR-SUM" Name="guessing_game_singleplayer_power_summary_routed.pb"/>
  <File Type="REPORTS-TCL" Name="guessing_game_singleplayer_reports.tcl"/>
  <File Type="OPT-DRC" Name="guessing_game_singleplayer_drc_opted.rpt"/>
  <File Type="OPT-HWDEF" Name="guessing_game_singleplayer.hwdef"/>
  <File Type="PWROPT-DCP" Name="guessing_game_singleplayer_pwropt.dcp"/>
  <File Type="PWROPT-DRC" Name="guessing_game_singleplayer_drc_pwropted.rpt"/>
  <File Type="PWROPT-TIMING" Name="guessing_game_singleplayer_timing_summary_pwropted.rpt"/>
  <File Type="PLACE-DCP" Name="guessing_game_singleplayer_placed.dcp"/>
  <File Type="PLACE-IO" Name="guessing_game_singleplayer_io_placed.rpt"/>
  <File Type="PLACE-CLK" Name="guessing_game_singleplayer_clock_utilization_placed.rpt"/>
  <File Type="PLACE-UTIL" Name="guessing_game_singleplayer_utilization_placed.rpt"/>
  <File Type="PLACE-UTIL-PB" Name="guessing_game_singleplayer_utilization_placed.pb"/>
  <File Type="PLACE-CTRL" Name="guessing_game_singleplayer_control_sets_placed.rpt"/>
  <File Type="PLACE-SIMILARITY" Name="guessing_game_singleplayer_incremental_reuse_placed.rpt"/>
  <File Type="PLACE-PRE-SIMILARITY" Name="guessing_game_singleplayer_incremental_reuse_pre_placed.rpt"/>
  <File Type="BG-BGN" Name="guessing_game_singleplayer.bgn"/>
  <File Type="PLACE-TIMING" Name="guessing_game_singleplayer_timing_summary_placed.rpt"/>
  <File Type="POSTPLACE-PWROPT-DCP" Name="guessing_game_singleplayer_postplace_pwropt.dcp"/>
  <File Type="BG-BIN" Name="guessing_game_singleplayer.bin"/>
  <File Type="POSTPLACE-PWROPT-TIMING" Name="guessing_game_singleplayer_timing_summary_postplace_pwropted.rpt"/>
  <File Type="PHYSOPT-DCP" Name="guessing_game_singleplayer_physopt.dcp"/>
  <File Type="PHYSOPT-DRC" Name="guessing_game_singleplayer_drc_physopted.rpt"/>
  <File Type="BITSTR-MSK" Name="guessing_game_singleplayer.msk"/>
  <File Type="PHYSOPT-TIMING" Name="guessing_game_singleplayer_timing_summary_physopted.rpt"/>
  <File Type="ROUTE-ERROR-DCP" Name="guessing_game_singleplayer_routed_error.dcp"/>
  <File Type="ROUTE-DCP" Name="guessing_game_singleplayer_routed.dcp"/>
  <File Type="ROUTE-BLACKBOX-DCP" Name="guessing_game_singleplayer_routed_bb.dcp"/>
  <File Type="ROUTE-DRC" Name="guessing_game_singleplayer_drc_routed.rpt"/>
  <File Type="ROUTE-DRC-PB" Name="guessing_game_singleplayer_drc_routed.pb"/>
  <File Type="BITSTR-LTX" Name="debug_nets.ltx"/>
  <File Type="BITSTR-LTX" Name="guessing_game_singleplayer.ltx"/>
  <File Type="ROUTE-DRC-RPX" Name="guessing_game_singleplayer_drc_routed.rpx"/>
  <File Type="BITSTR-MMI" Name="guessing_game_singleplayer.mmi"/>
  <File Type="ROUTE-METHODOLOGY-DRC" Name="guessing_game_singleplayer_methodology_drc_routed.rpt"/>
  <File Type="ROUTE-METHODOLOGY-DRC-RPX" Name="guessing_game_singleplayer_methodology_drc_routed.rpx"/>
  <File Type="BITSTR-SYSDEF" Name="guessing_game_singleplayer.sysdef"/>
  <File Type="ROUTE-METHODOLOGY-DRC-PB" Name="guessing_game_singleplayer_methodology_drc_routed.pb"/>
  <File Type="ROUTE-PWR-RPX" Name="guessing_game_singleplayer_power_routed.rpx"/>
  <File Type="ROUTE-STATUS" Name="guessing_game_singleplayer_route_status.rpt"/>
  <File Type="ROUTE-STATUS-PB" Name="guessing_game_singleplayer_route_status.pb"/>
  <File Type="ROUTE-TIMINGSUMMARY" Name="guessing_game_singleplayer_timing_summary_routed.rpt"/>
  <File Type="ROUTE-TIMING-PB" Name="guessing_game_singleplayer_timing_summary_routed.pb"/>
  <File Type="ROUTE-TIMING-RPX" Name="guessing_game_singleplayer_timing_summary_routed.rpx"/>
  <File Type="ROUTE-SIMILARITY" Name="guessing_game_singleplayer_incremental_reuse_routed.rpt"/>
  <File Type="ROUTE-CLK" Name="guessing_game_singleplayer_clock_utilization_routed.rpt"/>
  <File Type="ROUTE-BUS-SKEW" Name="guessing_game_singleplayer_bus_skew_routed.rpt"/>
  <File Type="ROUTE-BUS-SKEW-PB" Name="guessing_game_singleplayer_bus_skew_routed.pb"/>
  <File Type="ROUTE-BUS-SKEW-RPX" Name="guessing_game_singleplayer_bus_skew_routed.rpx"/>
  <File Type="POSTROUTE-PHYSOPT-DCP" Name="guessing_game_singleplayer_postroute_physopt.dcp"/>
  <File Type="POSTROUTE-PHYSOPT-BLACKBOX-DCP" Name="guessing_game_singleplayer_postroute_physopt_bb.dcp"/>
  <File Type="POSTROUTE-PHYSOPT-TIMING" Name="guessing_game_singleplayer_timing_summary_postroute_physopted.rpt"/>
  <File Type="POSTROUTE-PHYSOPT-TIMING-PB" Name="guessing_game_singleplayer_timing_summary_postroute_physopted.pb"/>
  <File Type="POSTROUTE-PHYSOPT-TIMING-RPX" Name="guessing_game_singleplayer_timing_summary_postroute_physopted.rpx"/>
  <File Type="POSTROUTE-PHYSOPT-BUS-SKEW" Name="guessing_game_singleplayer_bus_skew_postroute_physopted.rpt"/>
  <File Type="POSTROUTE-PHYSOPT-BUS-SKEW-PB" Name="guessing_game_singleplayer_bus_skew_postroute_physopted.pb"/>
  <File Type="BG-BIT" Name="guessing_game_singleplayer.bit"/>
  <File Type="POSTROUTE-PHYSOPT-BUS-SKEW-RPX" Name="guessing_game_singleplayer_bus_skew_postroute_physopted.rpx"/>
  <File Type="BITSTR-RBT" Name="guessing_game_singleplayer.rbt"/>
  <File Type="BITSTR-NKY" Name="guessing_game_singleplayer.nky"/>
  <File Type="BG-DRC" Name="guessing_game_singleplayer.drc"/>
  <File Type="RDI-RDI" Name="guessing_game_singleplayer.vdi"/>
  <File Type="WBT-USG" Name="usage_statistics_webtalk.html"/>
  <FileSet Name="sources" Type="DesignSrcs" RelSrcDir="$PSRCDIR/sources_1">
    <Filter Type="Srcs"/>
    <File Path="$PSRCDIR/sources_1/new/SevenSegmentLED.v">
      <FileInfo>
        <Attr Name="ImportPath" Val="D:/Boston Uni/Classes/Spring 2023/EC311 Project/Project/Project.srcs/sources_1/new/SevenSegmentLED.v"/>
        <Attr Name="ImportTime" Val="1682344544"/>
        <Attr Name="UsedIn" Val="synthesis"/>
        <Attr Name="UsedIn" Val="implementation"/>
        <Attr Name="UsedIn" Val="simulation"/>
      </FileInfo>
    </File>
    <File Path="$PSRCDIR/sources_1/new/bin_to_hex.v">
      <FileInfo>
        <Attr Name="ImportPath" Val="D:/Boston Uni/Classes/Spring 2023/EC311 Project/Project/Project.srcs/sources_1/new/bin_to_hex.v"/>
        <Attr Name="ImportTime" Val="1682346630"/>
        <Attr Name="UsedIn" Val="synthesis"/>
        <Attr Name="UsedIn" Val="implementation"/>
        <Attr Name="UsedIn" Val="simulation"/>
      </FileInfo>
    </File>
    <File Path="$PSRCDIR/sources_1/new/bin_to_sevenseg.v">
      <FileInfo>
        <Attr Name="ImportPath" Val="D:/Boston Uni/Classes/Spring 2023/EC311 Project/Project/Project.srcs/sources_1/new/bin_to_sevenseg.v"/>
        <Attr Name="ImportTime" Val="1682344254"/>
        <Attr Name="UsedIn" Val="synthesis"/>
        <Attr Name="UsedIn" Val="implementation"/>
        <Attr Name="UsedIn" Val="simulation"/>
      </FileInfo>
    </File>
    <File Path="$PSRCDIR/sources_1/new/check_guess.v">
      <FileInfo>
        <Attr Name="ImportPath" Val="D:/Boston Uni/Classes/Spring 2023/EC311 Project/Project/Project.srcs/sources_1/new/check_guess.v"/>
        <Attr Name="ImportTime" Val="1682347744"/>
        <Attr Name="UsedIn" Val="synthesis"/>
        <Attr Name="UsedIn" Val="implementation"/>
        <Attr Name="UsedIn" Val="simulation"/>
      </FileInfo>
    </File>
    <File Path="$PSRCDIR/sources_1/new/debouncer.v">
      <FileInfo>
        <Attr Name="ImportPath" Val="D:/Boston Uni/Classes/Spring 2023/EC311 Project/Project/Project.srcs/sources_1/new/debouncer.v"/>
        <Attr Name="ImportTime" Val="1682344370"/>
        <Attr Name="UsedIn" Val="synthesis"/>
        <Attr Name="UsedIn" Val="implementation"/>
        <Attr Name="UsedIn" Val="simulation"/>
      </FileInfo>
    </File>
    <File Path="$PSRCDIR/sources_1/new/random_num_gen.v">
      <FileInfo>
        <Attr Name="UsedIn" Val="synthesis"/>
        <Attr Name="UsedIn" Val="implementation"/>
        <Attr Name="UsedIn" Val="simulation"/>
      </FileInfo>
    </File>
    <File Path="$PSRCDIR/sources_1/new/read_input.v">
      <FileInfo>
        <Attr Name="ImportPath" Val="D:/Boston Uni/Classes/Spring 2023/EC311 Project/Project/Project.srcs/sources_1/new/read_input.v"/>
        <Attr Name="ImportTime" Val="1682347062"/>
        <Attr Name="UsedIn" Val="synthesis"/>
        <Attr Name="UsedIn" Val="implementation"/>
        <Attr Name="UsedIn" Val="simulation"/>
      </FileInfo>
    </File>
    <File Path="$PSRCDIR/sources_1/new/guessing_game_singleplayer.v">
      <FileInfo>
        <Attr Name="UsedIn" Val="synthesis"/>
        <Attr Name="UsedIn" Val="implementation"/>
        <Attr Name="UsedIn" Val="simulation"/>
      </FileInfo>
    </File>
    <File Path="$PSRCDIR/sources_1/new/SevenLEDDemo.v">
      <FileInfo>
        <Attr Name="AutoDisabled" Val="1"/>
        <Attr Name="UsedIn" Val="synthesis"/>
        <Attr Name="UsedIn" Val="implementation"/>
        <Attr Name="UsedIn" Val="simulation"/>
      </FileInfo>
    </File>
    <File Path="$PSRCDIR/sources_1/new/guessing_game2.v">
      <FileInfo>
        <Attr Name="AutoDisabled" Val="1"/>
        <Attr Name="ImportPath" Val="D:/Boston Uni/Classes/Spring 2023/EC311 Project/Project/Project.srcs/sources_1/new/guessing_game2.v"/>
        <Attr Name="ImportTime" Val="1682352204"/>
        <Attr Name="UsedIn" Val="synthesis"/>
        <Attr Name="UsedIn" Val="implementation"/>
        <Attr Name="UsedIn" Val="simulation"/>
      </FileInfo>
    </File>
    <File Path="$PSRCDIR/sources_1/new/guessing_game.v">
      <FileInfo>
        <Attr Name="AutoDisabled" Val="1"/>
        <Attr Name="ImportPath" Val="D:/Boston Uni/Classes/Spring 2023/EC311 Project/Project/Project.srcs/sources_1/new/guessing_game.v"/>
        <Attr Name="ImportTime" Val="1682349482"/>
        <Attr Name="UsedIn" Val="synthesis"/>
        <Attr Name="UsedIn" Val="implementation"/>
        <Attr Name="UsedIn" Val="simulation"/>
      </FileInfo>
    </File>
    <File Path="$PSRCDIR/sources_1/new/guess_checker.v">
      <FileInfo>
        <Attr Name="AutoDisabled" Val="1"/>
        <Attr Name="ImportPath" Val="D:/Boston Uni/Classes/Spring 2023/EC311 Project/Project/Project.srcs/sources_1/new/guess_checker.v"/>
        <Attr Name="ImportTime" Val="1682274792"/>
        <Attr Name="UsedIn" Val="synthesis"/>
        <Attr Name="UsedIn" Val="implementation"/>
        <Attr Name="UsedIn" Val="simulation"/>
      </FileInfo>
    </File>
    <File Path="$PSRCDIR/sources_1/new/hex_digit_selector.v">
      <FileInfo>
        <Attr Name="AutoDisabled" Val="1"/>
        <Attr Name="ImportPath" Val="D:/Boston Uni/Classes/Spring 2023/EC311 Project/Project/Project.srcs/sources_1/new/hex_digit_selector.v"/>
        <Attr Name="ImportTime" Val="1682274366"/>
        <Attr Name="UsedIn" Val="synthesis"/>
        <Attr Name="UsedIn" Val="implementation"/>
        <Attr Name="UsedIn" Val="simulation"/>
      </FileInfo>
    </File>
    <File Path="$PSRCDIR/sources_1/new/top.v">
      <FileInfo>
        <Attr Name="AutoDisabled" Val="1"/>
        <Attr Name="ImportPath" Val="D:/Boston Uni/Classes/Spring 2023/EC311 Project/Project/Project.srcs/sources_1/new/top.v"/>
        <Attr Name="ImportTime" Val="1682274924"/>
        <Attr Name="UsedIn" Val="synthesis"/>
        <Attr Name="UsedIn" Val="implementation"/>
        <Attr Name="UsedIn" Val="simulation"/>
      </FileInfo>
    </File>
    <File Path="$PSRCDIR/sources_1/new/clk_divider.v">
      <FileInfo>
        <Attr Name="AutoDisabled" Val="1"/>
        <Attr Name="ImportPath" Val="D:/Boston Uni/Classes/Spring 2023/EC311 Project/Project/Project.srcs/sources_1/new/clk_divider.v"/>
        <Attr Name="ImportTime" Val="1682344360"/>
        <Attr Name="UsedIn" Val="synthesis"/>
        <Attr Name="UsedIn" Val="implementation"/>
        <Attr Name="UsedIn" Val="simulation"/>
      </FileInfo>
    </File>
    <Config>
      <Option Name="DesignMode" Val="RTL"/>
      <Option Name="TopModule" Val="guessing_game_singleplayer"/>
    </Config>
  </FileSet>
  <FileSet Name="constrs_in" Type="Constrs" RelSrcDir="$PSRCDIR/constrs_1">
    <Filter Type="Constrs"/>
    <File Path="$PSRCDIR/constrs_1/new/Master.xdc">
      <FileInfo>
        <Attr Name="UsedIn" Val="synthesis"/>
        <Attr Name="UsedIn" Val="implementation"/>
      </FileInfo>
    </File>
    <Config>
      <Option Name="TargetConstrsFile" Val="$PSRCDIR/constrs_1/new/Master.xdc"/>
      <Option Name="ConstrsType" Val="XDC"/>
    </Config>
  </FileSet>
  <FileSet Name="utils" Type="Utils" RelSrcDir="$PSRCDIR/utils_1">
    <Filter Type="Utils"/>
    <Config>
      <Option Name="TopAutoSet" Val="TRUE"/>
    </Config>
  </FileSet>
  <Strategy Version="1" Minor="2">
    <StratHandle Name="Vivado Implementation Defaults" Flow="Vivado Implementation 2019"/>
    <Step Id="init_design"/>
    <Step Id="opt_design"/>
    <Step Id="power_opt_design"/>
    <Step Id="place_design"/>
    <Step Id="post_place_power_opt_design"/>
    <Step Id="phys_opt_design"/>
    <Step Id="route_design"/>
    <Step Id="post_route_phys_opt_design"/>
    <Step Id="write_bitstream"/>
  </Strategy>
</GenRun>
